{
  "model_version": "v1.0",
  "trained_at": "2025-11-06T01:32:08.031723",
  "metrics": {
    "accuracy": 0.915,
    "precision": 0.4583333333333333,
    "recall": 0.7333333333333333,
    "f1_score": 0.5641025641025641,
    "roc_auc": 0.9124324324324323
  },
  "feature_count": 17
}