{
  "model_version": "v2.0",
  "trained_at": "2025-11-06T17:18:43.972433",
  "metrics": {
    "accuracy": 0.82,
    "precision": 0.7815533980582524,
    "recall": 0.7815533980582524,
    "f1_score": 0.7815533980582524,
    "roc_auc": 0.9016185357638201
  },
  "feature_count": 17,
  "calibrated": true,
  "calibration_method": "isotonic",
  "target_churn_rate": 0.33,
  "regularization": {
    "max_depth": 3,
    "min_child_weight": 3,
    "gamma": 0.1,
    "subsample": 0.8,
    "colsample_bytree": 0.8,
    "reg_alpha": 0.1,
    "reg_lambda": 1.0
  }
}