{
  "model_version": "v1.1",
  "trained_at": "2025-11-06T02:25:02.559502",
  "metrics": {
    "accuracy": 0.955,
    "precision": 0.7142857142857143,
    "recall": 0.4166666666666667,
    "f1_score": 0.5263157894736842,
    "roc_auc": 0.8472960992907802
  },
  "feature_count": 17,
  "calibrated": true,
  "calibration_method": "isotonic"
}